id,family,citation,source,source_codepoints,expected_braille,expected_dot_notation,accepted_braille,accepted_dot_notation,liblouis_braille,liblouis_dot_notation,backward_result,status,evidence_tier,official_example_available,upstream_test,actual_gap_classification,observed_difference,notes,typeform_spec,backward_error
alphabet_lower_a,Alphabet,4.1,a,U+0061,⠁,1,,,⠁,1,a,PASS,OFFICIAL,YES,en-ueb-symbols_harness.yaml (direct letters),,exact,Direct alphabet table entry.,,
alphabet_lower_b,Alphabet,4.1,b,U+0062,⠃,12,,,⠃,12,b,PASS,OFFICIAL,YES,en-ueb-symbols_harness.yaml (direct letters),,exact,Direct alphabet table entry.,,
alphabet_lower_c,Alphabet,4.1,c,U+0063,⠉,14,,,⠉,14,c,PASS,OFFICIAL,YES,en-ueb-symbols_harness.yaml (direct letters),,exact,Direct alphabet table entry.,,
alphabet_lower_d,Alphabet,4.1,d,U+0064,⠙,145,,,⠙,145,d,PASS,OFFICIAL,YES,en-ueb-symbols_harness.yaml (direct letters),,exact,Direct alphabet table entry.,,
alphabet_lower_e,Alphabet,4.1,e,U+0065,⠑,15,,,⠑,15,e,PASS,OFFICIAL,YES,en-ueb-symbols_harness.yaml (direct letters),,exact,Direct alphabet table entry.,,
alphabet_lower_f,Alphabet,4.1,f,U+0066,⠋,124,,,⠋,124,f,PASS,OFFICIAL,YES,en-ueb-symbols_harness.yaml (direct letters),,exact,Direct alphabet table entry.,,
alphabet_lower_g,Alphabet,4.1,g,U+0067,⠛,1245,,,⠛,1245,g,PASS,OFFICIAL,YES,en-ueb-symbols_harness.yaml (direct letters),,exact,Direct alphabet table entry.,,
alphabet_lower_h,Alphabet,4.1,h,U+0068,⠓,125,,,⠓,125,h,PASS,OFFICIAL,YES,en-ueb-symbols_harness.yaml (direct letters),,exact,Direct alphabet table entry.,,
alphabet_lower_i,Alphabet,4.1,i,U+0069,⠊,24,,,⠊,24,i,PASS,OFFICIAL,YES,en-ueb-symbols_harness.yaml (direct letters),,exact,Direct alphabet table entry.,,
alphabet_lower_j,Alphabet,4.1,j,U+006A,⠚,245,,,⠚,245,j,PASS,OFFICIAL,YES,en-ueb-symbols_harness.yaml (direct letters),,exact,Direct alphabet table entry.,,
alphabet_lower_k,Alphabet,4.1,k,U+006B,⠅,13,,,⠅,13,k,PASS,OFFICIAL,YES,en-ueb-symbols_harness.yaml (direct letters),,exact,Direct alphabet table entry.,,
alphabet_lower_l,Alphabet,4.1,l,U+006C,⠇,123,,,⠇,123,l,PASS,OFFICIAL,YES,en-ueb-symbols_harness.yaml (direct letters),,exact,Direct alphabet table entry.,,
alphabet_lower_m,Alphabet,4.1,m,U+006D,⠍,134,,,⠍,134,m,PASS,OFFICIAL,YES,en-ueb-symbols_harness.yaml (direct letters),,exact,Direct alphabet table entry.,,
alphabet_lower_n,Alphabet,4.1,n,U+006E,⠝,1345,,,⠝,1345,n,PASS,OFFICIAL,YES,en-ueb-symbols_harness.yaml (direct letters),,exact,Direct alphabet table entry.,,
alphabet_lower_o,Alphabet,4.1,o,U+006F,⠕,135,,,⠕,135,o,PASS,OFFICIAL,YES,en-ueb-symbols_harness.yaml (direct letters),,exact,Direct alphabet table entry.,,
alphabet_lower_p,Alphabet,4.1,p,U+0070,⠏,1234,,,⠏,1234,p,PASS,OFFICIAL,YES,en-ueb-symbols_harness.yaml (direct letters),,exact,Direct alphabet table entry.,,
alphabet_lower_q,Alphabet,4.1,q,U+0071,⠟,12345,,,⠟,12345,q,PASS,OFFICIAL,YES,en-ueb-symbols_harness.yaml (direct letters),,exact,Direct alphabet table entry.,,
alphabet_lower_r,Alphabet,4.1,r,U+0072,⠗,1235,,,⠗,1235,r,PASS,OFFICIAL,YES,en-ueb-symbols_harness.yaml (direct letters),,exact,Direct alphabet table entry.,,
alphabet_lower_s,Alphabet,4.1,s,U+0073,⠎,234,,,⠎,234,s,PASS,OFFICIAL,YES,en-ueb-symbols_harness.yaml (direct letters),,exact,Direct alphabet table entry.,,
alphabet_lower_t,Alphabet,4.1,t,U+0074,⠞,2345,,,⠞,2345,t,PASS,OFFICIAL,YES,en-ueb-symbols_harness.yaml (direct letters),,exact,Direct alphabet table entry.,,
alphabet_lower_u,Alphabet,4.1,u,U+0075,⠥,136,,,⠥,136,u,PASS,OFFICIAL,YES,en-ueb-symbols_harness.yaml (direct letters),,exact,Direct alphabet table entry.,,
alphabet_lower_v,Alphabet,4.1,v,U+0076,⠧,1236,,,⠧,1236,v,PASS,OFFICIAL,YES,en-ueb-symbols_harness.yaml (direct letters),,exact,Direct alphabet table entry.,,
alphabet_lower_w,Alphabet,4.1,w,U+0077,⠺,2456,,,⠺,2456,w,PASS,OFFICIAL,YES,en-ueb-symbols_harness.yaml (direct letters),,exact,Direct alphabet table entry.,,
alphabet_lower_x,Alphabet,4.1,x,U+0078,⠭,1346,,,⠭,1346,x,PASS,OFFICIAL,YES,en-ueb-symbols_harness.yaml (direct letters),,exact,Direct alphabet table entry.,,
alphabet_lower_y,Alphabet,4.1,y,U+0079,⠽,13456,,,⠽,13456,y,PASS,OFFICIAL,YES,en-ueb-symbols_harness.yaml (direct letters),,exact,Direct alphabet table entry.,,
alphabet_lower_z,Alphabet,4.1,z,U+007A,⠵,1356,,,⠵,1356,z,PASS,OFFICIAL,YES,en-ueb-symbols_harness.yaml (direct letters),,exact,Direct alphabet table entry.,,
alphabet_upper_a,Alphabet,4.1,A,U+0041,⠠⠁,6 1,,,⠠⠁,6 1,A,PASS,OFFICIAL,YES,en-ueb-symbols_harness.yaml (direct letters),,exact,Direct alphabet table entry.,,
alphabet_upper_b,Alphabet,4.1,B,U+0042,⠠⠃,6 12,,,⠠⠃,6 12,B,PASS,OFFICIAL,YES,en-ueb-symbols_harness.yaml (direct letters),,exact,Direct alphabet table entry.,,
alphabet_upper_c,Alphabet,4.1,C,U+0043,⠠⠉,6 14,,,⠠⠉,6 14,C,PASS,OFFICIAL,YES,en-ueb-symbols_harness.yaml (direct letters),,exact,Direct alphabet table entry.,,
alphabet_upper_d,Alphabet,4.1,D,U+0044,⠠⠙,6 145,,,⠠⠙,6 145,D,PASS,OFFICIAL,YES,en-ueb-symbols_harness.yaml (direct letters),,exact,Direct alphabet table entry.,,
alphabet_upper_e,Alphabet,4.1,E,U+0045,⠠⠑,6 15,,,⠠⠑,6 15,E,PASS,OFFICIAL,YES,en-ueb-symbols_harness.yaml (direct letters),,exact,Direct alphabet table entry.,,
alphabet_upper_f,Alphabet,4.1,F,U+0046,⠠⠋,6 124,,,⠠⠋,6 124,F,PASS,OFFICIAL,YES,en-ueb-symbols_harness.yaml (direct letters),,exact,Direct alphabet table entry.,,
alphabet_upper_g,Alphabet,4.1,G,U+0047,⠠⠛,6 1245,,,⠠⠛,6 1245,G,PASS,OFFICIAL,YES,en-ueb-symbols_harness.yaml (direct letters),,exact,Direct alphabet table entry.,,
alphabet_upper_h,Alphabet,4.1,H,U+0048,⠠⠓,6 125,,,⠠⠓,6 125,H,PASS,OFFICIAL,YES,en-ueb-symbols_harness.yaml (direct letters),,exact,Direct alphabet table entry.,,
alphabet_upper_i,Alphabet,4.1,I,U+0049,⠠⠊,6 24,,,⠠⠊,6 24,I,PASS,OFFICIAL,YES,en-ueb-symbols_harness.yaml (direct letters),,exact,Direct alphabet table entry.,,
alphabet_upper_j,Alphabet,4.1,J,U+004A,⠠⠚,6 245,,,⠠⠚,6 245,J,PASS,OFFICIAL,YES,en-ueb-symbols_harness.yaml (direct letters),,exact,Direct alphabet table entry.,,
alphabet_upper_k,Alphabet,4.1,K,U+004B,⠠⠅,6 13,,,⠠⠅,6 13,K,PASS,OFFICIAL,YES,en-ueb-symbols_harness.yaml (direct letters),,exact,Direct alphabet table entry.,,
alphabet_upper_l,Alphabet,4.1,L,U+004C,⠠⠇,6 123,,,⠠⠇,6 123,L,PASS,OFFICIAL,YES,en-ueb-symbols_harness.yaml (direct letters),,exact,Direct alphabet table entry.,,
alphabet_upper_m,Alphabet,4.1,M,U+004D,⠠⠍,6 134,,,⠠⠍,6 134,M,PASS,OFFICIAL,YES,en-ueb-symbols_harness.yaml (direct letters),,exact,Direct alphabet table entry.,,
alphabet_upper_n,Alphabet,4.1,N,U+004E,⠠⠝,6 1345,,,⠠⠝,6 1345,N,PASS,OFFICIAL,YES,en-ueb-symbols_harness.yaml (direct letters),,exact,Direct alphabet table entry.,,
alphabet_upper_o,Alphabet,4.1,O,U+004F,⠠⠕,6 135,,,⠠⠕,6 135,O,PASS,OFFICIAL,YES,en-ueb-symbols_harness.yaml (direct letters),,exact,Direct alphabet table entry.,,
alphabet_upper_p,Alphabet,4.1,P,U+0050,⠠⠏,6 1234,,,⠠⠏,6 1234,P,PASS,OFFICIAL,YES,en-ueb-symbols_harness.yaml (direct letters),,exact,Direct alphabet table entry.,,
alphabet_upper_q,Alphabet,4.1,Q,U+0051,⠠⠟,6 12345,,,⠠⠟,6 12345,Q,PASS,OFFICIAL,YES,en-ueb-symbols_harness.yaml (direct letters),,exact,Direct alphabet table entry.,,
alphabet_upper_r,Alphabet,4.1,R,U+0052,⠠⠗,6 1235,,,⠠⠗,6 1235,R,PASS,OFFICIAL,YES,en-ueb-symbols_harness.yaml (direct letters),,exact,Direct alphabet table entry.,,
alphabet_upper_s,Alphabet,4.1,S,U+0053,⠠⠎,6 234,,,⠠⠎,6 234,S,PASS,OFFICIAL,YES,en-ueb-symbols_harness.yaml (direct letters),,exact,Direct alphabet table entry.,,
alphabet_upper_t,Alphabet,4.1,T,U+0054,⠠⠞,6 2345,,,⠠⠞,6 2345,T,PASS,OFFICIAL,YES,en-ueb-symbols_harness.yaml (direct letters),,exact,Direct alphabet table entry.,,
alphabet_upper_u,Alphabet,4.1,U,U+0055,⠠⠥,6 136,,,⠠⠥,6 136,U,PASS,OFFICIAL,YES,en-ueb-symbols_harness.yaml (direct letters),,exact,Direct alphabet table entry.,,
alphabet_upper_v,Alphabet,4.1,V,U+0056,⠠⠧,6 1236,,,⠠⠧,6 1236,V,PASS,OFFICIAL,YES,en-ueb-symbols_harness.yaml (direct letters),,exact,Direct alphabet table entry.,,
alphabet_upper_w,Alphabet,4.1,W,U+0057,⠠⠺,6 2456,,,⠠⠺,6 2456,W,PASS,OFFICIAL,YES,en-ueb-symbols_harness.yaml (direct letters),,exact,Direct alphabet table entry.,,
alphabet_upper_x,Alphabet,4.1,X,U+0058,⠠⠭,6 1346,,,⠠⠭,6 1346,X,PASS,OFFICIAL,YES,en-ueb-symbols_harness.yaml (direct letters),,exact,Direct alphabet table entry.,,
alphabet_upper_y,Alphabet,4.1,Y,U+0059,⠠⠽,6 13456,,,⠠⠽,6 13456,Y,PASS,OFFICIAL,YES,en-ueb-symbols_harness.yaml (direct letters),,exact,Direct alphabet table entry.,,
alphabet_upper_z,Alphabet,4.1,Z,U+005A,⠠⠵,6 1356,,,⠠⠵,6 1356,Z,PASS,OFFICIAL,YES,en-ueb-symbols_harness.yaml (direct letters),,exact,Direct alphabet table entry.,,
word_hello,Alphabet,"4.1, 2.5.5",hello,U+0068 U+0065 U+006C U+006C U+006F,⠓⠑⠇⠇⠕,125 15 123 123 135,,,⠓⠑⠇⠇⠕,125 15 123 123 135,hello,PASS,DERIVED,YES,en-ueb-symbols_harness.yaml (direct letters),,exact,,,
word_braille_validator,Alphabet,"4.1, 2.5.5",Braille Validator,U+0042 U+0072 U+0061 U+0069 U+006C U+006C U+0065 U+0020 U+0056 U+0061 U+006C U+0069 U+0064 U+0061 U+0074 U+006F U+0072,⠠⠃⠗⠁⠊⠇⠇⠑⠀⠠⠧⠁⠇⠊⠙⠁⠞⠕⠗,6 12 1235 1 24 123 123 15 0 6 1236 1 123 24 145 1 2345 135 1235,,,⠠⠃⠗⠁⠊⠇⠇⠑⠀⠠⠧⠁⠇⠊⠙⠁⠞⠕⠗,6 12 1235 1 24 123 123 15 0 6 1236 1 123 24 145 1 2345 135 1235,Braille Validator,PASS,DERIVED,YES,en-ueb-symbols_harness.yaml (direct letters),,exact,,,
word_ordinary,Alphabet,"4.1, 2.5.5",ordinary words,U+006F U+0072 U+0064 U+0069 U+006E U+0061 U+0072 U+0079 U+0020 U+0077 U+006F U+0072 U+0064 U+0073,⠕⠗⠙⠊⠝⠁⠗⠽⠀⠺⠕⠗⠙⠎,135 1235 145 24 1345 1 1235 13456 0 2456 135 1235 145 234,,,⠕⠗⠙⠊⠝⠁⠗⠽⠀⠺⠕⠗⠙⠎,135 1235 145 24 1345 1 1235 13456 0 2456 135 1235 145 234,ordinary words,PASS,DERIVED,YES,en-ueb-symbols_harness.yaml (direct letters),,exact,,,
cap_isolated,Capitalization,8.3.1,A,U+0041,⠠⠁,6 1,,,⠠⠁,6 1,A,PASS,OFFICIAL,YES,en-ueb-g1_harness.yaml; yaml/capitalization.yaml; yaml/capsword.yaml,,exact,Also covered by the alphabet list.,,
cap_word,Capitalization,"8.1, 8.3.1",Hello,U+0048 U+0065 U+006C U+006C U+006F,⠠⠓⠑⠇⠇⠕,6 125 15 123 123 135,,,⠠⠓⠑⠇⠇⠕,6 125 15 123 123 135,Hello,PASS,DERIVED,YES,en-ueb-g1_harness.yaml; yaml/capitalization.yaml; yaml/capsword.yaml,,exact,,,
cap_all_word,Capitalization,"8.4, 8.8",ALL,U+0041 U+004C U+004C,⠠⠠⠁⠇⠇,6 6 1 123 123,⠠⠁⠠⠇⠠⠇,6 1 6 123 6 123,⠠⠠⠁⠇⠇,6 6 1 123 123,ALL,PASS,DERIVED,YES,en-ueb-g1_harness.yaml; yaml/capitalization.yaml; yaml/capsword.yaml,,exact,Capitalised word mode is the canonical form.,,
cap_multiple_words,Capitalization,8.4,AB CD,U+0041 U+0042 U+0020 U+0043 U+0044,⠠⠠⠁⠃⠀⠠⠠⠉⠙,6 6 1 12 0 6 6 14 145,,,⠠⠠⠁⠃⠀⠠⠠⠉⠙,6 6 1 12 0 6 6 14 145,AB CD,PASS,DERIVED,YES,en-ueb-g1_harness.yaml; yaml/capitalization.yaml; yaml/capsword.yaml,,exact,,,
cap_number_then_word,Capitalization,"6.5.2, 8.4",123 CARD,U+0031 U+0032 U+0033 U+0020 U+0043 U+0041 U+0052 U+0044,⠼⠁⠃⠉⠀⠠⠠⠉⠁⠗⠙,3456 1 12 14 0 6 6 14 1 1235 145,,,⠼⠁⠃⠉⠀⠠⠠⠉⠁⠗⠙,3456 1 12 14 0 6 6 14 1 1235 145,123 CARD,PASS,DERIVED,YES,en-ueb-g1_harness.yaml; yaml/capitalization.yaml; yaml/capsword.yaml,,exact,,,
cap_number_then_capital,Capitalization,"6.3, 8.3.1",123Card,U+0031 U+0032 U+0033 U+0043 U+0061 U+0072 U+0064,⠼⠁⠃⠉⠠⠉⠁⠗⠙,3456 1 12 14 6 14 1 1235 145,,,⠼⠁⠃⠉⠠⠉⠁⠗⠙,3456 1 12 14 6 14 1 1235 145,123Card,PASS,DERIVED,YES,en-ueb-g1_harness.yaml; yaml/capitalization.yaml; yaml/capsword.yaml,,exact,,,
cap_passage,Capitalization,8.5-8.6,CAUTION: WET PAINT!,U+0043 U+0041 U+0055 U+0054 U+0049 U+004F U+004E U+003A U+0020 U+0057 U+0045 U+0054 U+0020 U+0050 U+0041 U+0049 U+004E U+0054 U+0021,⠠⠠⠠⠉⠁⠥⠞⠊⠕⠝⠒⠀⠺⠑⠞⠀⠏⠁⠊⠝⠞⠖⠠⠄,6 6 6 14 1 136 2345 24 135 1345 25 0 2456 15 2345 0 1234 1 24 1345 2345 235 6 3,,,⠠⠠⠠⠉⠁⠥⠞⠊⠕⠝⠒⠀⠺⠑⠞⠀⠏⠁⠊⠝⠞⠖⠠⠄,6 6 6 14 1 136 2345 24 135 1345 25 0 2456 15 2345 0 1234 1 24 1345 2345 235 6 3,Caution: wet paint!,PASS,OFFICIAL,YES,en-ueb-g1_harness.yaml; yaml/capitalization.yaml; yaml/capsword.yaml,,exact,Official passage example family; print source has three symbols-sequences.,,
cap_punctuation,Capitalization,"8.4, 8.7","Hello, WORLD!",U+0048 U+0065 U+006C U+006C U+006F U+002C U+0020 U+0057 U+004F U+0052 U+004C U+0044 U+0021,⠠⠓⠑⠇⠇⠕⠂⠀⠠⠠⠺⠕⠗⠇⠙⠖,6 125 15 123 123 135 2 0 6 6 2456 135 1235 123 145 235,,,⠠⠓⠑⠇⠇⠕⠂⠀⠠⠠⠺⠕⠗⠇⠙⠖,6 125 15 123 123 135 2 0 6 6 2456 135 1235 123 145 235,"Hello, WORLD!",PASS,DERIVED,YES,en-ueb-g1_harness.yaml; yaml/capitalization.yaml; yaml/capsword.yaml,,exact,,,
num_zero,Numeric,6.1,0,U+0030,⠼⠚,3456 245,,,⠼⠚,3456 245,0,PASS,OFFICIAL,YES,en-ueb-g1_harness.yaml; en-ueb-math.yaml; yaml/numericmode.yaml,,exact,,,
num_multi,Numeric,6.1-6.2,1234567890,U+0031 U+0032 U+0033 U+0034 U+0035 U+0036 U+0037 U+0038 U+0039 U+0030,⠼⠁⠃⠉⠙⠑⠋⠛⠓⠊⠚,3456 1 12 14 145 15 124 1245 125 24 245,,,⠼⠁⠃⠉⠙⠑⠋⠛⠓⠊⠚,3456 1 12 14 145 15 124 1245 125 24 245,1234567890,PASS,OFFICIAL,YES,en-ueb-g1_harness.yaml; en-ueb-math.yaml; yaml/numericmode.yaml,,exact,,,
num_decimal,Numeric,6.2,3.14,U+0033 U+002E U+0031 U+0034,⠼⠉⠲⠁⠙,3456 14 256 1 145,,,⠼⠉⠲⠁⠙,3456 14 256 1 145,3.14,PASS,OFFICIAL,YES,en-ueb-g1_harness.yaml; en-ueb-math.yaml; yaml/numericmode.yaml,,exact,,,
num_thousands_comma,Numeric,6.2,"1,234",U+0031 U+002C U+0032 U+0033 U+0034,⠼⠁⠂⠃⠉⠙,3456 1 2 12 14 145,,,⠼⠁⠂⠃⠉⠙,3456 1 2 12 14 145,"1,234",PASS,OFFICIAL,YES,en-ueb-g1_harness.yaml; en-ueb-math.yaml; yaml/numericmode.yaml,,exact,,,
num_thousands_space,Numeric,"6.6, 3.23",1 234,U+0031 U+0020 U+0032 U+0033 U+0034,⠼⠁⠀⠼⠃⠉⠙,3456 1 0 3456 12 14 145,,,⠼⠁⠀⠼⠃⠉⠙,3456 1 0 3456 12 14 145,1 234,PASS-PROVISIONAL,DERIVED,YES,en-ueb-g1_harness.yaml; en-ueb-math.yaml; yaml/numericmode.yaml,,exact,"V1 plain-text policy: without explicit numeric-grouping semantics, treat the blank as an ordinary space. This is PASS-PROVISIONAL, not proof that every printed `1 234` is ordinary spacing.",,
num_clear_numeric_space,Numeric,"6.6, 6.6.1",3 245 000,U+0033 U+0020 U+0032 U+0034 U+0035 U+0020 U+0030 U+0030 U+0030,⠼⠉⠐⠃⠙⠐⠚⠚⠚,3456 14 5 12 145 5 245 245 245,,,⠼⠉⠀⠼⠃⠙⠑⠀⠼⠚⠚⠚,3456 14 0 3456 12 145 15 0 3456 245 245 245,3 245 000,FAIL,DERIVED,YES,en-ueb-g1_harness.yaml; en-ueb-math.yaml; yaml/numericmode.yaml,TABLE_GAP,expected output differs,"The source is explicitly treated as one grouped number for this probe, following the official population example; the plain-text Liblouis call has no semantic numeric-grouping input.",,
num_thousands_nbsp,Numeric,6.6,1 234,U+0031 U+00A0 U+0032 U+0033 U+0034,⠼⠁⠐⠃⠉⠙,3456 1 5 12 14 145,,,⠼⠁⠐⠃⠉⠙,3456 1 5 12 14 145,1 234,PASS,OFFICIAL,YES,en-ueb-g1_harness.yaml; en-ueb-math.yaml; yaml/numericmode.yaml,,exact,"NBSP is used as an explicit numeric-space probe; expected is number sign, 1, numeric-space+2, 3, 4.",,
num_time,Numeric,"6.3, 6.7",7:30,U+0037 U+003A U+0033 U+0030,⠼⠛⠒⠼⠉⠚,3456 1245 25 3456 14 245,,,⠼⠛⠒⠼⠉⠚,3456 1245 25 3456 14 245,7:30,PASS,OFFICIAL,YES,en-ueb-g1_harness.yaml; en-ueb-math.yaml; yaml/numericmode.yaml,,exact,,,
num_date,Numeric,6.7,12/31/2024,U+0031 U+0032 U+002F U+0033 U+0031 U+002F U+0032 U+0030 U+0032 U+0034,⠼⠁⠃⠸⠌⠼⠉⠁⠸⠌⠼⠃⠚⠃⠙,3456 1 12 456 34 3456 14 1 456 34 3456 12 245 12 145,,,⠼⠁⠃⠸⠌⠼⠉⠁⠸⠌⠼⠃⠚⠃⠙,3456 1 12 456 34 3456 14 1 456 34 3456 12 245 12 145,12/31/2024,PASS,OFFICIAL,YES,en-ueb-g1_harness.yaml; en-ueb-math.yaml; yaml/numericmode.yaml,,exact,,,
num_currency,Numeric,"3.10, 6.7",$19.95,U+0024 U+0031 U+0039 U+002E U+0039 U+0035,⠈⠎⠼⠁⠊⠲⠊⠑,4 234 3456 1 24 256 24 15,,,⠈⠎⠼⠁⠊⠲⠊⠑,4 234 3456 1 24 256 24 15,$19.95,PASS,OFFICIAL,YES,en-ueb-g1_harness.yaml; en-ueb-math.yaml; yaml/numericmode.yaml,,exact,,,
num_ordinal,Numeric,6.5-6.7,1st,U+0031 U+0073 U+0074,⠼⠁⠎⠞,3456 1 234 2345,,,⠼⠁⠎⠞,3456 1 234 2345,1st,PASS,OFFICIAL,YES,en-ueb-g1_harness.yaml; en-ueb-math.yaml; yaml/numericmode.yaml,,exact,,,
num_lower_a_j,Numeric,6.5.2,3b,U+0033 U+0062,⠼⠉⠰⠃,3456 14 56 12,,,⠼⠉⠰⠃,3456 14 56 12,3b,PASS,OFFICIAL,YES,en-ueb-g1_harness.yaml; en-ueb-math.yaml; yaml/numericmode.yaml,,exact,,,
num_lower_k_z,Numeric,6.5.2,3m,U+0033 U+006D,⠼⠉⠍,3456 14 134,,,⠼⠉⠍,3456 14 134,3m,PASS,OFFICIAL,YES,en-ueb-g1_harness.yaml; en-ueb-math.yaml; yaml/numericmode.yaml,,exact,,,
num_decimal_lower,Numeric,6.5.2,4.2b,U+0034 U+002E U+0032 U+0062,⠼⠙⠲⠃⠰⠃,3456 145 256 12 56 12,,,⠼⠙⠲⠃⠰⠃,3456 145 256 12 56 12,4.2b,PASS,OFFICIAL,YES,en-ueb-g1_harness.yaml; en-ueb-math.yaml; yaml/numericmode.yaml,,exact,,,
num_period_before_number,Numeric,6.4.1,.7,U+002E U+0037,⠼⠲⠛,3456 256 1245,,,⠼⠲⠛,3456 256 1245,.7,PASS,OFFICIAL,YES,en-ueb-g1_harness.yaml; en-ueb-math.yaml; yaml/numericmode.yaml,,exact,Official rule 6.4.1 example family: a period before a number takes the numeric prefix before the period.,,
punct_basic,Punctuation,7.1,"comma, semicolon; colon:",U+0063 U+006F U+006D U+006D U+0061 U+002C U+0020 U+0073 U+0065 U+006D U+0069 U+0063 U+006F U+006C U+006F U+006E U+003B U+0020 U+0063 U+006F U+006C U+006F U+006E U+003A,⠉⠕⠍⠍⠁⠂⠀⠎⠑⠍⠊⠉⠕⠇⠕⠝⠆⠀⠉⠕⠇⠕⠝⠒,14 135 134 134 1 2 0 234 15 134 24 14 135 123 135 1345 23 0 14 135 123 135 1345 25,,,⠉⠕⠍⠍⠁⠂⠀⠎⠑⠍⠊⠉⠕⠇⠕⠝⠆⠀⠉⠕⠇⠕⠝⠒,14 135 134 134 1 2 0 234 15 134 24 14 135 123 135 1345 23 0 14 135 123 135 1345 25,"comma, semicolon; colon:",PASS,DERIVED,YES,en-ueb-symbols_harness.yaml / en-ueb-g1_harness.yaml,,exact,,,
punct_sentence,Punctuation,7.1,Full stop. Exclamation! Question?,U+0046 U+0075 U+006C U+006C U+0020 U+0073 U+0074 U+006F U+0070 U+002E U+0020 U+0045 U+0078 U+0063 U+006C U+0061 U+006D U+0061 U+0074 U+0069 U+006F U+006E U+0021 U+0020 U+0051 U+0075 U+0065 U+0073 U+0074 U+0069 U+006F U+006E U+003F,⠠⠋⠥⠇⠇⠀⠎⠞⠕⠏⠲⠀⠠⠑⠭⠉⠇⠁⠍⠁⠞⠊⠕⠝⠖⠀⠠⠟⠥⠑⠎⠞⠊⠕⠝⠦,6 124 136 123 123 0 234 2345 135 1234 256 0 6 15 1346 14 123 1 134 1 2345 24 135 1345 235 0 6 12345 136 15 234 2345 24 135 1345 236,,,⠠⠋⠥⠇⠇⠀⠎⠞⠕⠏⠲⠀⠠⠑⠭⠉⠇⠁⠍⠁⠞⠊⠕⠝⠖⠀⠠⠟⠥⠑⠎⠞⠊⠕⠝⠦,6 124 136 123 123 0 234 2345 135 1234 256 0 6 15 1346 14 123 1 134 1 2345 24 135 1345 235 0 6 12345 136 15 234 2345 24 135 1345 236,Full stop. Exclamation! Question?,PASS,DERIVED,YES,en-ueb-symbols_harness.yaml / en-ueb-g1_harness.yaml,,exact,,,
punct_ellipsis,Punctuation,7.3,...,U+002E U+002E U+002E,⠲⠲⠲,256 256 256,,,⠲⠲⠲,256 256 256,…,PASS,OFFICIAL,YES,en-ueb-symbols_harness.yaml / en-ueb-g1_harness.yaml,,exact,,,
punct_solidus,Punctuation,7.4,a/b,U+0061 U+002F U+0062,⠁⠸⠌⠃,1 456 34 12,,,⠁⠸⠌⠃,1 456 34 12,a/b,PASS,OFFICIAL,YES,en-ueb-symbols_harness.yaml / en-ueb-g1_harness.yaml,,exact,,,
punct_question_standing_alone,Punctuation,7.5.3,?,U+003F,⠰⠦,56 236,,,⠰⠦,56 236,?,PASS,OFFICIAL,YES,en-ueb-symbols_harness.yaml / en-ueb-g1_harness.yaml,,exact,Standalone question mark requires Grade 1 symbol indicator.,,
punct_abbreviation_period,Punctuation,"7.1.1, 7.1.3, 10.6.2",a.b,U+0061 U+002E U+0062,⠁⠲⠃,1 256 12,,,⠁⠲⠃,1 256 12,a.b,PASS,DERIVED,YES,en-ueb-symbols_harness.yaml / en-ueb-g1_harness.yaml,,exact,No grade 1 indicator is required: the period is not a beginning-of-word dis groupsign position.,,
punct_comma_between_letters,Punctuation,"7.1.3, 10.6.5, 5.11.1","a,b",U+0061 U+002C U+0062,⠁⠰⠂⠃,1 56 2 12,,,⠁⠰⠂⠃,1 56 2 12,"a,b",PASS,DERIVED,YES,en-ueb-symbols_harness.yaml / en-ueb-g1_harness.yaml,,exact,"The comma cell may also be a lower groupsign between letters, so grade 1 is required before the punctuation.",,
punct_question_ordinary,Punctuation,7.5.1,what?,U+0077 U+0068 U+0061 U+0074 U+003F,⠺⠓⠁⠞⠦,2456 125 1 2345 236,,,⠺⠓⠁⠞⠦,2456 125 1 2345 236,what?,PASS,OFFICIAL,YES,en-ueb-symbols_harness.yaml / en-ueb-g1_harness.yaml,,exact,Ordinary question-mark position: rule 7.5.1 says no grade 1 symbol indicator is normally required.,,
quote_curly_double,Quotes/apostrophes,7.6.1,“hello”,U+201C U+0068 U+0065 U+006C U+006C U+006F U+201D,⠦⠓⠑⠇⠇⠕⠴,236 125 15 123 123 135 356,,,⠦⠓⠑⠇⠇⠕⠴,236 125 15 123 123 135 356,"""hello""",PASS,OFFICIAL,YES,No dedicated quote/apostrophe file; partial en-ueb.yaml Grade 2 examples,,exact,,,
quote_curly_single,Quotes/apostrophes,7.6.2,‘hello’,U+2018 U+0068 U+0065 U+006C U+006C U+006F U+2019,⠠⠦⠓⠑⠇⠇⠕⠠⠴,6 236 125 15 123 123 135 6 356,,,⠠⠦⠓⠑⠇⠇⠕⠠⠴,6 236 125 15 123 123 135 6 356,"""hello""",PASS,OFFICIAL,YES,No dedicated quote/apostrophe file; partial en-ueb.yaml Grade 2 examples,,exact,,,
quote_ascii_double,Quotes/apostrophes,"7.6.1, 7.6.5","""hello""",U+0022 U+0068 U+0065 U+006C U+006C U+006F U+0022,⠦⠓⠑⠇⠇⠕⠴,236 125 15 123 123 135 356,,,⠦⠓⠑⠇⠇⠕⠴,236 125 15 123 123 135 356,"""hello""",PASS,DERIVED,YES,No dedicated quote/apostrophe file; partial en-ueb.yaml Grade 2 examples,,exact,Directional quote is inferred from ordinary prose context.,,
quote_ascii_single_pair,Quotes/apostrophes,"7.6.2, 7.6.15",'hello',U+0027 U+0068 U+0065 U+006C U+006C U+006F U+0027,⠠⠦⠓⠑⠇⠇⠕⠠⠴,6 236 125 15 123 123 135 6 356,,,⠄⠓⠑⠇⠇⠕⠄,3 125 15 123 123 135 3,'hello',FAIL,DERIVED,YES,No dedicated quote/apostrophe file; partial en-ueb.yaml Grade 2 examples,LIBLOUIS_OUTDATED_RULE,expected output differs,Ordinary prose context calls for directional single quotes.,,
apostrophe_mid_ascii,Quotes/apostrophes,"7.6.6, 7.6.15",can't,U+0063 U+0061 U+006E U+0027 U+0074,⠉⠁⠝⠄⠞,14 1 1345 3 2345,,,⠉⠁⠝⠄⠞,14 1 1345 3 2345,can't,PASS,OFFICIAL,YES,No dedicated quote/apostrophe file; partial en-ueb.yaml Grade 2 examples,,exact,,,
apostrophe_possessive_ascii,Quotes/apostrophes,7.6.6,Jones',U+004A U+006F U+006E U+0065 U+0073 U+0027,⠠⠚⠕⠝⠑⠎⠄,6 245 135 1345 15 234 3,,,⠠⠚⠕⠝⠑⠎⠄,6 245 135 1345 15 234 3,Jones',PASS,OFFICIAL,YES,No dedicated quote/apostrophe file; partial en-ueb.yaml Grade 2 examples,,exact,,,
apostrophe_leading_tis,Quotes/apostrophes,7.6.14-7.6.15,'tis,U+0027 U+0074 U+0069 U+0073,⠄⠞⠊⠎,3 2345 24 234,,,⠄⠞⠊⠎,3 2345 24 234,'tis,PASS,DERIVED,YES,No dedicated quote/apostrophe file; partial en-ueb.yaml Grade 2 examples,,exact,Common leading-apostrophe dictionary word.,,
apostrophe_mid_curly,Quotes/apostrophes,"7.6.6, 7.6.15",can’t,U+0063 U+0061 U+006E U+2019 U+0074,⠉⠁⠝⠄⠞,14 1 1345 3 2345,,,⠉⠁⠝⠄⠞,14 1 1345 3 2345,can't,PASS,OFFICIAL,YES,No dedicated quote/apostrophe file; partial en-ueb.yaml Grade 2 examples,,exact,,,
apostrophe_possessive_curly,Quotes/apostrophes,7.6.6,Jones’,U+004A U+006F U+006E U+0065 U+0073 U+2019,⠠⠚⠕⠝⠑⠎⠄,6 245 135 1345 15 234 3,,,⠠⠚⠕⠝⠑⠎⠄,6 245 135 1345 15 234 3,Jones',PASS,OFFICIAL,YES,No dedicated quote/apostrophe file; partial en-ueb.yaml Grade 2 examples,,exact,Curly print apostrophe still maps to apostrophe in UEB.,,
quote_nested,Quotes/apostrophes,7.6.3,"“She said, ‘yes’.”",U+201C U+0053 U+0068 U+0065 U+0020 U+0073 U+0061 U+0069 U+0064 U+002C U+0020 U+2018 U+0079 U+0065 U+0073 U+2019 U+002E U+201D,⠦⠠⠎⠓⠑⠀⠎⠁⠊⠙⠂⠀⠠⠦⠽⠑⠎⠠⠴⠴,236 6 234 125 15 0 234 1 24 145 2 0 6 236 13456 15 234 6 356 356,,,⠦⠠⠎⠓⠑⠀⠎⠁⠊⠙⠂⠀⠠⠦⠽⠑⠎⠄⠲⠴,236 6 234 125 15 0 234 1 24 145 2 0 6 236 13456 15 234 3 256 356,"""She said, ""yes'.""",FAIL,OFFICIAL,YES,No dedicated quote/apostrophe file; partial en-ueb.yaml Grade 2 examples,TABLE_GAP,expected output differs,,,
quote_next_punctuation,Quotes/apostrophes,7.6.1,"""Hi!""",U+0022 U+0048 U+0069 U+0021 U+0022,⠦⠠⠓⠊⠖⠴,236 6 125 24 235 356,,,⠦⠠⠓⠊⠖⠴,236 6 125 24 235 356,"""Hi!""",PASS,DERIVED,YES,No dedicated quote/apostrophe file; partial en-ueb.yaml Grade 2 examples,,exact,,,
quote_internal_two_cell,Quotes/apostrophes,7.6.7,Franc“e”s,U+0046 U+0072 U+0061 U+006E U+0063 U+201C U+0065 U+201D U+0073,⠠⠋⠗⠁⠝⠉⠘⠦⠑⠘⠴⠎,6 124 1235 1 1345 14 45 236 15 45 356 234,,,⠠⠋⠗⠁⠝⠉⠦⠑⠴⠎,6 124 1235 1 1345 14 236 15 356 234,"Franc?e""s",FAIL,OFFICIAL,YES,No dedicated quote/apostrophe file; partial en-ueb.yaml Grade 2 examples,TABLE_GAP,expected output differs,Official 7.6.7 example family: internal opening/closing double quotes require two-cell forms.,,
quote_standing_alone_double,Quotes/apostrophes,"2.6.2, 2.6.3, 7.6.8",(“...”),U+0028 U+201C U+002E U+002E U+002E U+201D U+0029,⠐⠣⠘⠦⠲⠲⠲⠘⠴⠐⠜,5 126 45 236 256 256 256 45 356 5 345,,,⠐⠣⠦⠲⠲⠲⠴⠐⠜,5 126 236 256 256 256 356 5 345,"(""…"")",FAIL,DERIVED,YES,No dedicated quote/apostrophe file; partial en-ueb.yaml Grade 2 examples,TABLE_GAP,expected output differs,Standing-alone double quotation marks require the two-cell forms to avoid wordsign ambiguity.,,
quote_g1_order,Quotes/apostrophes,7.6.9,"Spell ""W-a-l-k"".",U+0053 U+0070 U+0065 U+006C U+006C U+0020 U+0022 U+0057 U+002D U+0061 U+002D U+006C U+002D U+006B U+0022 U+002E,⠠⠎⠏⠑⠇⠇⠀⠦⠰⠰⠠⠺⠤⠁⠤⠇⠤⠅⠴⠲,6 234 1234 15 123 123 0 236 56 56 6 2456 36 1 36 123 36 13 356 256,,,⠠⠎⠏⠑⠇⠇⠀⠦⠠⠺⠤⠁⠤⠇⠤⠅⠠⠶⠲,6 234 1234 15 123 123 0 236 6 2456 36 1 36 123 36 13 6 2356 256,"Spell ""W-a-l-k"".",FAIL,DERIVED,YES,No dedicated quote/apostrophe file; partial en-ueb.yaml Grade 2 examples,TABLE_GAP,expected output differs,The 2024 rule requires the opening double quote before the Grade 1 word indicator; the rest is rendered uncontracted for this probe.,,
quote_standing_alone_single,Quotes/apostrophes,7.6.10,‘ ’,U+2018 U+0020 U+2019,⠰⠠⠦⠀⠰⠠⠴,56 6 236 0 56 6 356,,,⠠⠦⠀⠠⠴,6 236 0 6 356,""" """,FAIL,DERIVED,YES,No dedicated quote/apostrophe file; partial en-ueb.yaml Grade 2 examples,TABLE_GAP,expected output differs,Standing-alone single quotation marks need Grade 1 disambiguation; this is a focused symbol-level probe.,,
dash_hyphenated,Hyphen/dash,7.2,well-known,U+0077 U+0065 U+006C U+006C U+002D U+006B U+006E U+006F U+0077 U+006E,⠺⠑⠇⠇⠤⠅⠝⠕⠺⠝,2456 15 123 123 36 13 1345 135 2456 1345,,,⠺⠑⠇⠇⠤⠅⠝⠕⠺⠝,2456 15 123 123 36 13 1345 135 2456 1345,well-known,PASS,DERIVED,YES,en-ueb-symbols_harness.yaml / en-ueb-g1_harness.yaml,,exact,,,
dash_en,Hyphen/dash,7.2,word – word,U+0077 U+006F U+0072 U+0064 U+0020 U+2013 U+0020 U+0077 U+006F U+0072 U+0064,⠺⠕⠗⠙⠀⠠⠤⠀⠺⠕⠗⠙,2456 135 1235 145 0 6 36 0 2456 135 1235 145,,,⠺⠕⠗⠙⠀⠠⠤⠀⠺⠕⠗⠙,2456 135 1235 145 0 6 36 0 2456 135 1235 145,word — word,PASS,OFFICIAL,YES,en-ueb-symbols_harness.yaml / en-ueb-g1_harness.yaml,,exact,,,
dash_em,Hyphen/dash,7.2,word — word,U+0077 U+006F U+0072 U+0064 U+0020 U+2014 U+0020 U+0077 U+006F U+0072 U+0064,⠺⠕⠗⠙⠀⠠⠤⠀⠺⠕⠗⠙,2456 135 1235 145 0 6 36 0 2456 135 1235 145,,,⠺⠕⠗⠙⠀⠠⠤⠀⠺⠕⠗⠙,2456 135 1235 145 0 6 36 0 2456 135 1235 145,word — word,PASS,OFFICIAL,YES,en-ueb-symbols_harness.yaml / en-ueb-g1_harness.yaml,,exact,,,
dash_print_double_hyphen,Hyphen/dash,7.2.6,word -- word,U+0077 U+006F U+0072 U+0064 U+0020 U+002D U+002D U+0020 U+0077 U+006F U+0072 U+0064,⠺⠕⠗⠙⠀⠤⠤⠀⠺⠕⠗⠙,2456 135 1235 145 0 36 36 0 2456 135 1235 145,⠺⠕⠗⠙⠀⠠⠤⠀⠺⠕⠗⠙,2456 135 1235 145 0 6 36 0 2456 135 1235 145,⠺⠕⠗⠙⠀⠤⠤⠀⠺⠕⠗⠙,2456 135 1235 145 0 36 36 0 2456 135 1235 145,word -- word,PASS,DERIVED,YES,en-ueb-symbols_harness.yaml / en-ueb-g1_harness.yaml,,exact,Two adjacent print hyphens may remain two hyphens or be rendered as a dash.,,
brackets_round,Brackets,"2.6, 7.1",(hello),U+0028 U+0068 U+0065 U+006C U+006C U+006F U+0029,⠐⠣⠓⠑⠇⠇⠕⠐⠜,5 126 125 15 123 123 135 5 345,,,⠐⠣⠓⠑⠇⠇⠕⠐⠜,5 126 125 15 123 123 135 5 345,(hello),PASS,DERIVED,YES,en-ueb-symbols_harness.yaml / en-ueb-g1_harness.yaml,,exact,,,
brackets_square,Brackets,"2.6, 7.1",[hello],U+005B U+0068 U+0065 U+006C U+006C U+006F U+005D,⠨⠣⠓⠑⠇⠇⠕⠨⠜,46 126 125 15 123 123 135 46 345,,,⠨⠣⠓⠑⠇⠇⠕⠨⠜,46 126 125 15 123 123 135 46 345,[hello],PASS,DERIVED,YES,en-ueb-symbols_harness.yaml / en-ueb-g1_harness.yaml,,exact,,,
brackets_curly,Brackets,"2.6, 7.1",{hello},U+007B U+0068 U+0065 U+006C U+006C U+006F U+007D,⠸⠣⠓⠑⠇⠇⠕⠸⠜,456 126 125 15 123 123 135 456 345,,,⠸⠣⠓⠑⠇⠇⠕⠸⠜,456 126 125 15 123 123 135 456 345,{hello},PASS,DERIVED,YES,en-ueb-symbols_harness.yaml / en-ueb-g1_harness.yaml,,exact,,,
symbols_amp_at,Symbols,"3.1, 3.7",& @,U+0026 U+0020 U+0040,⠈⠯⠀⠈⠁,4 12346 0 4 1,,,⠈⠯⠀⠈⠁,4 12346 0 4 1,& @,PASS,OFFICIAL,YES,en-ueb-symbols_harness.yaml,,exact,,,
symbols_percent_hash,Symbols,"3.19, 3.21",% #,U+0025 U+0020 U+0023,⠨⠴⠀⠸⠹,46 356 0 456 1456,,,⠨⠴⠀⠸⠹,46 356 0 456 1456,% #,PASS,OFFICIAL,YES,en-ueb-symbols_harness.yaml,,exact,,,
symbols_copyright_trademark,Symbols,3.8,© ® ™,U+00A9 U+0020 U+00AE U+0020 U+2122,⠘⠉⠀⠘⠗⠀⠘⠞,45 14 0 45 1235 0 45 2345,,,⠘⠉⠀⠘⠗⠀⠘⠞,45 14 0 45 1235 0 45 2345,© ® ™,PASS,OFFICIAL,YES,en-ueb-symbols_harness.yaml,,exact,,,
symbols_currency,Symbols,3.10,$ £ € ¥ ¢,U+0024 U+0020 U+00A3 U+0020 U+20AC U+0020 U+00A5 U+0020 U+00A2,⠈⠎⠀⠈⠇⠀⠈⠑⠀⠈⠽⠀⠈⠉,4 234 0 4 123 0 4 15 0 4 13456 0 4 14,,,⠈⠎⠀⠈⠇⠀⠈⠑⠀⠈⠽⠀⠈⠉,4 234 0 4 123 0 4 15 0 4 13456 0 4 14,$ £ € ¥ ¢,PASS,OFFICIAL,YES,en-ueb-symbols_harness.yaml,,exact,,,
symbols_degree_section,Symbols,"3.11, 3.20",° § ¶,U+00B0 U+0020 U+00A7 U+0020 U+00B6,⠘⠚⠀⠘⠎⠀⠘⠏,45 245 0 45 234 0 45 1234,,,⠘⠚⠀⠘⠎⠀⠘⠏,45 245 0 45 234 0 45 1234,° § ¶,PASS,OFFICIAL,YES,en-ueb-symbols_harness.yaml,,exact,,,
symbols_degree_prime,Symbols,"3.11, 3.15",6′ 9″,U+0036 U+2032 U+0020 U+0039 U+2033,⠼⠋⠶⠀⠼⠊⠶⠶,3456 124 2356 0 3456 24 2356 2356,,,⠼⠋⠶⠀⠼⠊⠶⠶,3456 124 2356 0 3456 24 2356 2356,6′ 9″,PASS,OFFICIAL,YES,en-ueb-symbols_harness.yaml,,exact,Prime/minute/second signs follow print; included to close the prime half of the Section 3.11 scope row.,,
symbols_bullet,Symbols,3.5,•,U+2022,⠸⠲,456 256,,,⠸⠲,456 256,•,PASS,OFFICIAL,YES,en-ueb-symbols_harness.yaml,,exact,,,
symbols_number_sign,Symbols,3.19,#4,U+0023 U+0034,⠸⠹⠼⠙,456 1456 3456 145,,,⠸⠹⠼⠙,456 1456 3456 145,#4,PASS,OFFICIAL,YES,en-ueb-symbols_harness.yaml,,exact,,,
symbols_currency_amount,Symbols,"3.10, 6.7",£7.50,U+00A3 U+0037 U+002E U+0035 U+0030,⠈⠇⠼⠛⠲⠑⠚,4 123 3456 1245 256 15 245,,,⠈⠇⠼⠛⠲⠑⠚,4 123 3456 1245 256 15 245,£7.50,PASS,DERIVED,YES,en-ueb-symbols_harness.yaml,,exact,,,
grade1_plain_no_indicator,Grade-1,"2.5.5, 5.11",be,U+0062 U+0065,⠃⠑,12 15,,,⠃⠑,12 15,be,PASS,OFFICIAL,YES,en-ueb-g1_harness.yaml; en-ueb-math.yaml; yaml/numericmode.yaml,,exact,Uncontracted text does not require a Grade 1 indicator everywhere.,,
grade1_numeric_letters,Grade-1,"5.6, 6.5.2",22b,U+0032 U+0032 U+0062,⠼⠃⠃⠰⠃,3456 12 12 56 12,,,⠼⠃⠃⠰⠃,3456 12 12 56 12,22b,PASS,OFFICIAL,YES,en-ueb-g1_harness.yaml; en-ueb-math.yaml; yaml/numericmode.yaml,,exact,,,
grade1_numeric_capital,Grade-1,"5.6, 6.5.2",22B,U+0032 U+0032 U+0042,⠼⠃⠃⠠⠃,3456 12 12 6 12,,,⠼⠃⠃⠠⠃,3456 12 12 6 12,22B,PASS,OFFICIAL,YES,en-ueb-g1_harness.yaml; en-ueb-math.yaml; yaml/numericmode.yaml,,exact,,,
grade1_numeric_hyphen_cap,Grade-1,"5.6.2, 6.5.4",3-D,U+0033 U+002D U+0044,⠼⠉⠤⠰⠠⠙,3456 14 36 56 6 145,,,⠼⠉⠤⠠⠙,3456 14 36 6 145,3-D,FAIL,OFFICIAL,YES,en-ueb-g1_harness.yaml; en-ueb-math.yaml; yaml/numericmode.yaml,TABLE_GAP,expected output differs,,,
grade1_indicator_order,Grade-1,5.8.1,3-D,U+0033 U+002D U+0044,⠼⠉⠤⠰⠠⠙,3456 14 36 56 6 145,,,⠼⠉⠤⠠⠙,3456 14 36 6 145,3-D,FAIL,DERIVED,YES,en-ueb-g1_harness.yaml; en-ueb-math.yaml; yaml/numericmode.yaml,TABLE_GAP,expected output differs,The Grade 1 indicator precedes the capitals indicator after a numeric-mode terminator.,,
spacing_normal,Spacing,3.23,a b,U+0061 U+0020 U+0062,⠁⠀⠃,1 0 12,,,⠁⠀⠃,1 0 12,a b,PASS,OFFICIAL,YES,en-ueb-symbols_harness.yaml / en-ueb-g1_harness.yaml,,exact,,,
spacing_multiple,Spacing,3.23,a  b,U+0061 U+0020 U+0020 U+0062,⠁⠀⠃,1 0 12,,,⠁⠀⠀⠃,1 0 0 12,a  b,FAIL,DERIVED,YES,en-ueb-symbols_harness.yaml / en-ueb-g1_harness.yaml,NORMALIZATION_PROBLEM,expected output differs,"UEB 3.23.1 says the amount of ordinary print space is not important and variation is ignored; this is a normalization-layer case, not a numeric-space case.",,
spacing_nbsp,Spacing,3.23,a b,U+0061 U+00A0 U+0062,⠁⠀⠃,1 0 12,,,⠁ ⠃,1 6 12,a b,FAIL,DERIVED,YES,en-ueb-symbols_harness.yaml / en-ueb-g1_harness.yaml,NORMALIZATION_PROBLEM,expected output differs,V1 source-normalization policy: NBSP outside numeric context is mapped to an ordinary space before translation. Raw Liblouis output is not accepted without that normalization.,,
spacing_thin_zero_width,Spacing,3.23,a b​a,U+0061 U+2009 U+0062 U+200B U+0061,⠁⠀⠃⠀⠁,1 0 12 0 1,,,⠁⠀⠃⠀⠁,1 0 12 0 1,a b a,PASS-PROVISIONAL,CONSTRUCTED,YES,en-ueb-symbols_harness.yaml / en-ueb-g1_harness.yaml,,exact,V1 source-normalization policy: U+2009 is ordinary spacing and U+200B is removed as an extraction separator in this plain-text probe; the resulting ordinary spaces are PASS-PROVISIONAL.,,
typeform_italic,Typeforms,9.2-9.4,italic,U+0069 U+0074 U+0061 U+006C U+0069 U+0063,⠨⠂⠊⠞⠁⠇⠊⠉,46 2 24 2345 1 123 24 14,,,⠨⠂⠊⠞⠁⠇⠊⠉,46 2 24 2345 1 123 24 14,"\46/,italic",PASS,DERIVED,YES,en-ueb-g1_harness.yaml; en-ueb-g1_backward.yaml; yaml/emphasis.yaml,,exact,,"{""italic"":[0,1,2,3,4,5]}",
typeform_bold,Typeforms,9.2-9.4,bold,U+0062 U+006F U+006C U+0064,⠘⠂⠃⠕⠇⠙,45 2 12 135 123 145,,,⠘⠂⠃⠕⠇⠙,45 2 12 135 123 145,"\45/,bold",PASS,DERIVED,YES,en-ueb-g1_harness.yaml; en-ueb-g1_backward.yaml; yaml/emphasis.yaml,,exact,,"{""bold"":[0,1,2,3]}",
typeform_underline,Typeforms,9.2-9.4,under,U+0075 U+006E U+0064 U+0065 U+0072,⠸⠂⠥⠝⠙⠑⠗,456 2 136 1345 145 15 1235,,,⠸⠂⠥⠝⠙⠑⠗,456 2 136 1345 145 15 1235,"\456/,under",PASS,DERIVED,YES,en-ueb-g1_harness.yaml; en-ueb-g1_backward.yaml; yaml/emphasis.yaml,,exact,,"{""underline"":[0,1,2,3,4]}",
typeform_number_symbol,Typeforms,9.2.1,8,U+0038,⠨⠆⠼⠓,46 23 3456 125,,,⠨⠆⠼⠓,46 23 3456 125,\46/;8,PASS,OFFICIAL,YES,en-ueb-g1_harness.yaml; en-ueb-g1_backward.yaml; yaml/emphasis.yaml,,exact,Official rule 9.2.1 example family: a typeform symbol indicator before a number.,"{""italic"":[0]}",
typeform_number,Typeforms,9.3.1,123,U+0031 U+0032 U+0033,⠨⠂⠼⠁⠃⠉,46 2 3456 1 12 14,,,⠨⠂⠼⠁⠃⠉,46 2 3456 1 12 14,"\46/,123",PASS,DERIVED,YES,en-ueb-g1_harness.yaml; en-ueb-g1_backward.yaml; yaml/emphasis.yaml,,exact,Rule 9.3.1 permits a typeform word indicator to set the typeform for the following numeric symbols-sequence.,"{""italic"":[0,1,2]}",
typeform_passage,Typeforms,9.4,one two three,U+006F U+006E U+0065 U+0020 U+0074 U+0077 U+006F U+0020 U+0074 U+0068 U+0072 U+0065 U+0065,⠨⠶⠕⠝⠑⠀⠞⠺⠕⠀⠞⠓⠗⠑⠑⠨⠄,46 2356 135 1345 15 0 2345 2456 135 0 2345 125 1235 15 15 46 3,,,⠨⠶⠕⠝⠑⠀⠞⠺⠕⠀⠞⠓⠗⠑⠑⠨⠄,46 2356 135 1345 15 0 2345 2456 135 0 2345 125 1235 15 15 46 3,\46/′one two three\46/',PASS,DERIVED,YES,en-ueb-g1_harness.yaml; en-ueb-g1_backward.yaml; yaml/emphasis.yaml,,exact,Three typeformed symbols-sequences exercise passage opening and termination.,"{""italic"":[0,1,2,3,4,5,6,7,8,9,10,11,12]}",
typeform_word_punctuation,Typeforms,9.7.2,word!,U+0077 U+006F U+0072 U+0064 U+0021,⠨⠂⠺⠕⠗⠙⠨⠄⠖,46 2 2456 135 1235 145 46 3 235,,,⠨⠂⠺⠕⠗⠙⠨⠄⠖,46 2 2456 135 1235 145 46 3 235,"\46/,word\46/'!",PASS,DERIVED,YES,en-ueb-g1_harness.yaml; en-ueb-g1_backward.yaml; yaml/emphasis.yaml,,exact,"Punctuation is outside the supplied word typeform, so the terminator precedes it.","{""italic"":[0,1,2,3]}",
typeform_multiple,Typeforms,9.8.1,word,U+0077 U+006F U+0072 U+0064,⠘⠂⠨⠂⠺⠕⠗⠙,45 2 46 2 2456 135 1235 145,,,⠘⠂⠨⠂⠺⠕⠗⠙,45 2 46 2 2456 135 1235 145,"\45/,\46/,word",PASS,DERIVED,YES,en-ueb-g1_harness.yaml; en-ueb-g1_backward.yaml; yaml/emphasis.yaml,,exact,"Two simultaneous typeforms; Liblouis chooses an order, while UEB does not prescribe one.","{""italic"":[0,1,2,3],""bold"":[0,1,2,3]}",
na_grade_contracted_sentence,N/A-GRADE,"4.1, 2.5",A boy and his dog were on the path.,U+0041 U+0020 U+0062 U+006F U+0079 U+0020 U+0061 U+006E U+0064 U+0020 U+0068 U+0069 U+0073 U+0020 U+0064 U+006F U+0067 U+0020 U+0077 U+0065 U+0072 U+0065 U+0020 U+006F U+006E U+0020 U+0074 U+0068 U+0065 U+0020 U+0070 U+0061 U+0074 U+0068 U+002E,,,,,⠠⠁⠀⠃⠕⠽⠀⠁⠝⠙⠀⠓⠊⠎⠀⠙⠕⠛⠀⠺⠑⠗⠑⠀⠕⠝⠀⠞⠓⠑⠀⠏⠁⠞⠓⠲,6 1 0 12 135 13456 0 1 1345 145 0 125 24 234 0 145 135 1245 0 2456 15 1235 15 0 135 1345 0 2345 125 15 0 1234 1 2345 125 256,A boy and his dog were on the path.,N/A-GRADE,N/A-GRADE,YES,en-ueb.yaml (Grade 2 only; not comparable),N/A-GRADE,Not compared: official example is contracted/Grade 2.,Rulebook example is contracted; deliberately not compared with en-ueb-g1.,,
na_grade_contracted_quotes,N/A-GRADE,7.6,“Why is that?” he asked.,U+201C U+0057 U+0068 U+0079 U+0020 U+0069 U+0073 U+0020 U+0074 U+0068 U+0061 U+0074 U+003F U+201D U+0020 U+0068 U+0065 U+0020 U+0061 U+0073 U+006B U+0065 U+0064 U+002E,,,,,⠦⠠⠺⠓⠽⠀⠊⠎⠀⠞⠓⠁⠞⠦⠴⠀⠓⠑⠀⠁⠎⠅⠑⠙⠲,236 6 2456 125 13456 0 24 234 0 2345 125 1 2345 236 356 0 125 15 0 1 234 13 15 145 256,"""Why is that?"" he asked.",N/A-GRADE,N/A-GRADE,YES,en-ueb.yaml (Grade 2 only; not comparable),N/A-GRADE,Not compared: official example is contracted/Grade 2.,Rulebook example is contracted; deliberately not compared with en-ueb-g1.,,
na_grade_contracted_numeric,N/A-GRADE,6.7,"The temperature was 100,000°C.",U+0054 U+0068 U+0065 U+0020 U+0074 U+0065 U+006D U+0070 U+0065 U+0072 U+0061 U+0074 U+0075 U+0072 U+0065 U+0020 U+0077 U+0061 U+0073 U+0020 U+0031 U+0030 U+0030 U+002C U+0030 U+0030 U+0030 U+00B0 U+0043 U+002E,,,,,⠠⠞⠓⠑⠀⠞⠑⠍⠏⠑⠗⠁⠞⠥⠗⠑⠀⠺⠁⠎⠀⠼⠁⠚⠚⠂⠚⠚⠚⠘⠚⠠⠉⠲,6 2345 125 15 0 2345 15 134 1234 15 1235 1 2345 136 1235 15 0 2456 1 234 0 3456 1 245 245 2 245 245 245 45 245 6 14 256,"The temperature was 100,000°C.",N/A-GRADE,N/A-GRADE,YES,en-ueb.yaml (Grade 2 only; not comparable),N/A-GRADE,Not compared: official example is contracted/Grade 2.,Rulebook example is contracted; deliberately not compared with en-ueb-g1.,,
